货箱编号,架次编号,服务区编号,物资类型,是否首批保障,硬截止时刻（s）,期望送达时间（s）,交付完成时刻（s）,加权延期（优先系数·s）
S010-MED-01,Q2-001,S010,医疗物资,是,3600.0,3600,1084.8227881188245,0.0
S010-WAT-01,Q2-001,S010,饮用水,是,3600.0,3600,1084.8227881188245,0.0
S010-FOD-01,Q2-001,S010,应急食品,否,,7200,1084.8227881188245,0.0
S013-MED-01,Q2-002,S013,医疗物资,是,3600.0,3600,1083.545591287618,0.0
S013-WAT-01,Q2-002,S013,饮用水,是,3600.0,3600,1083.545591287618,0.0
S012-MED-01,Q2-003,S012,医疗物资,是,7200.0,7200,1271.8307123585737,0.0
S012-WAT-01,Q2-003,S012,饮用水,是,3600.0,3600,1271.8307123585737,0.0
S012-FOD-01,Q2-003,S012,应急食品,否,,7200,1271.8307123585737,0.0
S002-MED-01,Q2-004,S002,医疗物资,是,3600.0,3600,1285.8063364433938,0.0
S002-WAT-01,Q2-004,S002,饮用水,是,3600.0,3600,1285.8063364433938,0.0
S008-MED-01,Q2-005,S008,医疗物资,是,7200.0,7200,1368.3296125831062,0.0
S008-WAT-01,Q2-005,S008,饮用水,是,7200.0,7200,1368.3296125831062,0.0
S004-MED-01,Q2-006,S004,医疗物资,是,7200.0,7200,1373.6272592843602,0.0
S004-WAT-01,Q2-006,S004,饮用水,是,7200.0,7200,1373.6272592843602,0.0
S015-MED-01,Q2-007,S015,医疗物资,是,7200.0,7200,2057.562742620051,0.0
S015-WAT-01,Q2-007,S015,饮用水,是,10800.0,10800,2057.562742620051,0.0
S006-MED-01,Q2-007,S006,医疗物资,是,3600.0,3600,1269.0769430362104,0.0
S006-WAT-01,Q2-007,S006,饮用水,是,3600.0,3600,1269.0769430362104,0.0
S006-WAT-02,Q2-007,S006,饮用水,否,,3600,1269.0769430362104,0.0
S006-WAT-03,Q2-007,S006,饮用水,否,,3600,1269.0769430362104,0.0
S006-FOD-01,Q2-007,S006,应急食品,否,,7200,1269.0769430362104,0.0
S006-HYG-01,Q2-007,S006,生活卫生用品,否,,10800,1269.0769430362104,0.0
S007-MED-01,Q2-008,S007,医疗物资,是,3600.0,3600,2290.4262763394863,0.0
S007-WAT-01,Q2-008,S007,饮用水,是,3600.0,3600,2290.4262763394863,0.0
S007-WAT-02,Q2-008,S007,饮用水,否,,3600,2290.4262763394863,0.0
S007-FOD-01,Q2-008,S007,应急食品,否,,7200,2290.4262763394863,0.0
S007-HYG-01,Q2-008,S007,生活卫生用品,否,,10800,2290.4262763394863,0.0
S001-MED-01,Q2-008,S001,医疗物资,是,3600.0,3600,1164.8983712897361,0.0
S001-MED-02,Q2-008,S001,医疗物资,否,3600.0,3600,1164.8983712897361,0.0
S001-WAT-01,Q2-008,S001,饮用水,是,3600.0,3600,1164.8983712897361,0.0
S011-FOD-01,Q2-008,S011,应急食品,否,,14400,1606.6867783281382,0.0
S014-MED-01,Q2-009,S014,医疗物资,是,7200.0,7200,2796.428135518764,0.0
S014-WAT-01,Q2-009,S014,饮用水,是,3600.0,3600,2796.428135518764,0.0
S014-FOD-01,Q2-009,S014,应急食品,否,,7200,2796.428135518764,0.0
S005-MED-01,Q2-010,S005,医疗物资,是,10800.0,10800,2742.660845244715,0.0
S005-WAT-01,Q2-010,S005,饮用水,是,10800.0,10800,2742.660845244715,0.0
S003-MED-01,Q2-011,S003,医疗物资,是,7200.0,7200,3530.310055090494,0.0
S003-WAT-01,Q2-011,S003,饮用水,是,7200.0,7200,3530.310055090494,0.0
S015-FOD-01,Q2-011,S015,应急食品,否,,14400,3082.0284813522735,0.0
S009-MED-01,Q2-012,S009,医疗物资,是,10800.0,10800,3135.090578345841,0.0
S009-WAT-01,Q2-012,S009,饮用水,是,10800.0,10800,3135.090578345841,0.0
S011-MED-01,Q2-013,S011,医疗物资,是,10800.0,10800,3570.064723664518,0.0
S011-WAT-01,Q2-013,S011,饮用水,是,10800.0,10800,3570.064723664518,0.0
S001-WAT-05,Q2-014,S001,饮用水,否,,3600,3932.704713106762,3992.4565572811443
S001-WAT-06,Q2-014,S001,饮用水,否,,3600,3932.704713106762,3992.4565572811443
S001-WAT-07,Q2-014,S001,饮用水,否,,3600,3932.704713106762,3992.4565572811443
S001-WAT-08,Q2-014,S001,饮用水,否,,3600,3932.704713106762,3992.4565572811443
S001-HYG-01,Q2-014,S001,生活卫生用品,否,,10800,3932.704713106762,0.0
S001-HYG-02,Q2-014,S001,生活卫生用品,否,,10800,3932.704713106762,0.0
S009-FOD-01,Q2-014,S009,应急食品,否,,14400,4401.297506841219,0.0
S001-WAT-02,Q2-015,S001,饮用水,否,,3600,4023.9772707275006,5087.727248730007
S001-WAT-03,Q2-015,S001,饮用水,否,,3600,4023.9772707275006,5087.727248730007
S001-WAT-04,Q2-015,S001,饮用水,否,,3600,4023.9772707275006,5087.727248730007
S001-FOD-01,Q2-015,S001,应急食品,否,,7200,4023.9772707275006,0.0
S001-FOD-02,Q2-015,S001,应急食品,否,,7200,4023.9772707275006,0.0
S001-FOD-03,Q2-015,S001,应急食品,否,,7200,4023.9772707275006,0.0
S013-FOD-01,Q2-016,S013,应急食品,否,,7200,4365.904501977108,0.0
S002-WAT-02,Q2-017,S002,饮用水,否,,3600,6558.617971275952,35503.41565531143
S002-WAT-03,Q2-017,S002,饮用水,否,,3600,6558.617971275952,35503.41565531143
S002-WAT-04,Q2-017,S002,饮用水,否,,3600,6558.617971275952,35503.41565531143
S002-FOD-01,Q2-017,S002,应急食品,否,,7200,6558.617971275952,0.0
S002-FOD-02,Q2-017,S002,应急食品,否,,7200,6558.617971275952,0.0
S002-HYG-01,Q2-017,S002,生活卫生用品,否,,10800,6558.617971275952,0.0
S003-WAT-02,Q2-018,S003,饮用水,否,,7200,6830.285223544004,0.0
S003-WAT-03,Q2-018,S003,饮用水,否,,7200,6830.285223544004,0.0
S003-WAT-04,Q2-018,S003,饮用水,否,,7200,6830.285223544004,0.0
S003-FOD-01,Q2-018,S003,应急食品,否,,10800,6830.285223544004,0.0
S003-FOD-02,Q2-018,S003,应急食品,否,,10800,6830.285223544004,0.0
S003-HYG-01,Q2-018,S003,生活卫生用品,否,,14400,6830.285223544004,0.0
S004-WAT-02,Q2-019,S004,饮用水,否,,7200,8634.274786253338,14342.747862533379
S004-WAT-03,Q2-019,S004,饮用水,否,,7200,8634.274786253338,14342.747862533379
S004-FOD-01,Q2-019,S004,应急食品,否,,10800,8634.274786253338,0.0
S004-HYG-01,Q2-019,S004,生活卫生用品,否,,14400,8634.274786253338,0.0
S008-WAT-02,Q2-020,S008,饮用水,否,,7200,8988.450610166254,17884.506101662537
S008-FOD-01,Q2-020,S008,应急食品,否,,10800,8988.450610166254,0.0
S008-HYG-01,Q2-020,S008,生活卫生用品,否,,14400,8988.450610166254,0.0
S005-WAT-02,Q2-021,S005,饮用水,否,,10800,10915.554233232127,924.4338658570196
S005-WAT-03,Q2-021,S005,饮用水,否,,10800,10915.554233232127,924.4338658570196
S005-FOD-01,Q2-021,S005,应急食品,否,,14400,10915.554233232127,0.0
S005-HYG-01,Q2-021,S005,生活卫生用品,否,,18000,10915.554233232127,0.0
