iteration,operator,destroy_operator,repair_operator,accepted,temperature,route_count,current_route_count,hard_violations,weighted_tardiness,makespan_s,energy_kwh,current_hard_violations,current_weighted_tardiness,current_makespan_s,current_energy_kwh,destroy_weights,repair_weights
0,initial,,,True,0.0,31,31,0,490446.79802761576,12641.85080694075,88.6042722595218,0,490446.79802761576,12641.85080694075,88.6042722595218,,
1,greedy_merge_seed,,,True,1558046.7542116237,21,21,0,186162.1244996922,11420.94204181823,73.38751908596429,0,186162.1244996922,11420.94204181823,73.38751908596429,"random_routes=1.000,related_routes=1.000,worst_routes=1.000","greedy=1.000,regret2=1.000"
2,alns,random_routes,regret2,True,1558046.7542116237,21,19,0,186162.1244996922,11420.94204181823,73.38751908596429,0,471475.15549128863,11878.642839333657,72.80529391018003,"random_routes=1.000,related_routes=1.000,worst_routes=1.000","greedy=1.000,regret2=1.000"
3,alns,related_routes,regret2,False,1542466.2866695074,21,19,0,186162.1244996922,11420.94204181823,73.38751908596429,0,471475.15549128863,11878.642839333657,72.80529391018003,"random_routes=1.000,related_routes=1.000,worst_routes=1.000","greedy=1.000,regret2=1.000"
4,alns,random_routes,greedy,False,1527041.6238028123,21,19,0,186162.1244996922,11420.94204181823,73.38751908596429,0,471475.15549128863,11878.642839333657,72.80529391018003,"random_routes=1.000,related_routes=1.000,worst_routes=1.000","greedy=1.000,regret2=1.000"
5,alns,related_routes,greedy,False,1511771.2075647842,21,19,0,186162.1244996922,11420.94204181823,73.38751908596429,0,471475.15549128863,11878.642839333657,72.80529391018003,"random_routes=1.000,related_routes=1.000,worst_routes=1.000","greedy=1.000,regret2=1.000"
6,alns,worst_routes,regret2,False,1496653.4954891363,21,19,0,186162.1244996922,11420.94204181823,73.38751908596429,0,471475.15549128863,11878.642839333657,72.80529391018003,"random_routes=1.000,related_routes=1.000,worst_routes=1.000","greedy=1.000,regret2=1.000"
7,alns,worst_routes,regret2,False,1481686.960534245,21,19,0,186162.1244996922,11420.94204181823,73.38751908596429,0,471475.15549128863,11878.642839333657,72.80529391018003,"random_routes=1.000,related_routes=1.000,worst_routes=1.000","greedy=1.000,regret2=1.000"
8,alns,related_routes,greedy,False,1466870.0909289026,21,19,0,186162.1244996922,11420.94204181823,73.38751908596429,0,471475.15549128863,11878.642839333657,72.80529391018003,"random_routes=1.000,related_routes=1.000,worst_routes=1.000","greedy=1.000,regret2=1.000"
9,alns,related_routes,greedy,False,1452201.3900196136,21,19,0,186162.1244996922,11420.94204181823,73.38751908596429,0,471475.15549128863,11878.642839333657,72.80529391018003,"random_routes=1.000,related_routes=1.000,worst_routes=1.000","greedy=1.000,regret2=1.000"
10,alns,worst_routes,regret2,False,1437679.3761194174,21,19,0,186162.1244996922,11420.94204181823,73.38751908596429,0,471475.15549128863,11878.642839333657,72.80529391018003,"random_routes=1.000,related_routes=1.000,worst_routes=1.000","greedy=1.000,regret2=1.000"
11,alns,worst_routes,regret2,False,1423302.5823582232,21,19,0,186162.1244996922,11420.94204181823,73.38751908596429,0,471475.15549128863,11878.642839333657,72.80529391018003,"random_routes=0.900,related_routes=0.800,worst_routes=0.800","greedy=0.800,regret2=0.833"
12,alns,worst_routes,regret2,False,1409069.556534641,21,19,0,186162.1244996922,11420.94204181823,73.38751908596429,0,471475.15549128863,11878.642839333657,72.80529391018003,"random_routes=0.900,related_routes=0.800,worst_routes=0.800","greedy=0.800,regret2=0.833"
13,alns,worst_routes,greedy,False,1394978.8609692946,21,19,0,186162.1244996922,11420.94204181823,73.38751908596429,0,471475.15549128863,11878.642839333657,72.80529391018003,"random_routes=0.900,related_routes=0.800,worst_routes=0.800","greedy=0.800,regret2=0.833"
14,alns,random_routes,regret2,False,1381029.0723596015,21,19,0,186162.1244996922,11420.94204181823,73.38751908596429,0,471475.15549128863,11878.642839333657,72.80529391018003,"random_routes=0.900,related_routes=0.800,worst_routes=0.800","greedy=0.800,regret2=0.833"
15,alns,random_routes,regret2,False,1367218.7816360055,21,19,0,186162.1244996922,11420.94204181823,73.38751908596429,0,471475.15549128863,11878.642839333657,72.80529391018003,"random_routes=0.900,related_routes=0.800,worst_routes=0.800","greedy=0.800,regret2=0.833"
16,alns,related_routes,greedy,True,1353546.5938196455,21,17,0,186162.1244996922,11420.94204181823,73.38751908596429,0,770360.7551713195,12717.726949392787,71.13433660081378,"random_routes=0.900,related_routes=0.800,worst_routes=0.800","greedy=0.800,regret2=0.833"
17,alns,related_routes,greedy,False,1340011.127881449,21,17,0,186162.1244996922,11420.94204181823,73.38751908596429,0,770360.7551713195,12717.726949392787,71.13433660081378,"random_routes=0.900,related_routes=0.800,worst_routes=0.800","greedy=0.800,regret2=0.833"
18,alns,worst_routes,greedy,False,1326611.0166026345,21,17,0,186162.1244996922,11420.94204181823,73.38751908596429,0,770360.7551713195,12717.726949392787,71.13433660081378,"random_routes=0.900,related_routes=0.800,worst_routes=0.800","greedy=0.800,regret2=0.833"
19,alns,random_routes,regret2,False,1313344.9064366082,21,17,0,186162.1244996922,11420.94204181823,73.38751908596429,0,770360.7551713195,12717.726949392787,71.13433660081378,"random_routes=0.900,related_routes=0.800,worst_routes=0.800","greedy=0.800,regret2=0.833"
20,alns,worst_routes,regret2,False,1300211.4573722421,21,17,0,186162.1244996922,11420.94204181823,73.38751908596429,0,770360.7551713195,12717.726949392787,71.13433660081378,"random_routes=0.900,related_routes=0.800,worst_routes=0.800","greedy=0.800,regret2=0.833"
21,alns,random_routes,greedy,False,1287209.3427985196,21,17,0,186162.1244996922,11420.94204181823,73.38751908596429,0,770360.7551713195,12717.726949392787,71.13433660081378,"random_routes=0.720,related_routes=0.740,worst_routes=0.640","greedy=0.680,regret2=0.667"
22,alns,random_routes,regret2,False,1274337.2493705344,21,17,0,186162.1244996922,11420.94204181823,73.38751908596429,0,770360.7551713195,12717.726949392787,71.13433660081378,"random_routes=0.720,related_routes=0.740,worst_routes=0.640","greedy=0.680,regret2=0.667"
23,alns,random_routes,greedy,False,1261593.8768768292,21,17,0,186162.1244996922,11420.94204181823,73.38751908596429,0,770360.7551713195,12717.726949392787,71.13433660081378,"random_routes=0.720,related_routes=0.740,worst_routes=0.640","greedy=0.680,regret2=0.667"
24,alns,worst_routes,regret2,False,1248977.938108061,21,17,0,186162.1244996922,11420.94204181823,73.38751908596429,0,770360.7551713195,12717.726949392787,71.13433660081378,"random_routes=0.720,related_routes=0.740,worst_routes=0.640","greedy=0.680,regret2=0.667"
25,alns,random_routes,greedy,False,1236488.1587269804,21,17,0,186162.1244996922,11420.94204181823,73.38751908596429,0,770360.7551713195,12717.726949392787,71.13433660081378,"random_routes=0.720,related_routes=0.740,worst_routes=0.640","greedy=0.680,regret2=0.667"
26,alns,worst_routes,greedy,False,1224123.2771397107,21,17,0,186162.1244996922,11420.94204181823,73.38751908596429,0,770360.7551713195,12717.726949392787,71.13433660081378,"random_routes=0.720,related_routes=0.740,worst_routes=0.640","greedy=0.680,regret2=0.667"
27,alns,related_routes,greedy,False,1211882.0443683136,21,17,0,186162.1244996922,11420.94204181823,73.38751908596429,0,770360.7551713195,12717.726949392787,71.13433660081378,"random_routes=0.720,related_routes=0.740,worst_routes=0.640","greedy=0.680,regret2=0.667"
28,alns,worst_routes,regret2,False,1199763.2239246306,21,17,0,186162.1244996922,11420.94204181823,73.38751908596429,0,770360.7551713195,12717.726949392787,71.13433660081378,"random_routes=0.720,related_routes=0.740,worst_routes=0.640","greedy=0.680,regret2=0.667"
29,alns,worst_routes,greedy,False,1187765.5916853843,21,17,0,186162.1244996922,11420.94204181823,73.38751908596429,0,770360.7551713195,12717.726949392787,71.13433660081378,"random_routes=0.720,related_routes=0.740,worst_routes=0.640","greedy=0.680,regret2=0.667"
30,alns,worst_routes,regret2,False,1175887.9357685305,21,17,0,186162.1244996922,11420.94204181823,73.38751908596429,0,770360.7551713195,12717.726949392787,71.13433660081378,"random_routes=0.720,related_routes=0.740,worst_routes=0.640","greedy=0.680,regret2=0.667"
31,alns,related_routes,regret2,False,1164129.0564108451,21,17,0,186162.1244996922,11420.94204181823,73.38751908596429,0,770360.7551713195,12717.726949392787,71.13433660081378,"random_routes=0.576,related_routes=0.592,worst_routes=0.512","greedy=0.544,regret2=0.533"
32,alns,related_routes,greedy,False,1152487.7658467367,21,17,0,186162.1244996922,11420.94204181823,73.38751908596429,0,770360.7551713195,12717.726949392787,71.13433660081378,"random_routes=0.576,related_routes=0.592,worst_routes=0.512","greedy=0.544,regret2=0.533"
33,alns,random_routes,greedy,False,1140962.8881882695,21,17,0,186162.1244996922,11420.94204181823,73.38751908596429,0,770360.7551713195,12717.726949392787,71.13433660081378,"random_routes=0.576,related_routes=0.592,worst_routes=0.512","greedy=0.544,regret2=0.533"
34,alns,related_routes,regret2,False,1129553.2593063868,21,17,0,186162.1244996922,11420.94204181823,73.38751908596429,0,770360.7551713195,12717.726949392787,71.13433660081378,"random_routes=0.576,related_routes=0.592,worst_routes=0.512","greedy=0.544,regret2=0.533"
35,alns,related_routes,regret2,False,1118257.726713323,21,17,0,186162.1244996922,11420.94204181823,73.38751908596429,0,770360.7551713195,12717.726949392787,71.13433660081378,"random_routes=0.576,related_routes=0.592,worst_routes=0.512","greedy=0.544,regret2=0.533"
36,alns,random_routes,greedy,False,1107075.1494461899,21,17,0,186162.1244996922,11420.94204181823,73.38751908596429,0,770360.7551713195,12717.726949392787,71.13433660081378,"random_routes=0.576,related_routes=0.592,worst_routes=0.512","greedy=0.544,regret2=0.533"
37,alns,related_routes,greedy,False,1096004.397951728,21,17,0,186162.1244996922,11420.94204181823,73.38751908596429,0,770360.7551713195,12717.726949392787,71.13433660081378,"random_routes=0.576,related_routes=0.592,worst_routes=0.512","greedy=0.544,regret2=0.533"
38,alns,worst_routes,regret2,False,1085044.3539722108,21,17,0,186162.1244996922,11420.94204181823,73.38751908596429,0,770360.7551713195,12717.726949392787,71.13433660081378,"random_routes=0.576,related_routes=0.592,worst_routes=0.512","greedy=0.544,regret2=0.533"
39,alns,random_routes,regret2,False,1074193.9104324887,21,17,0,186162.1244996922,11420.94204181823,73.38751908596429,0,770360.7551713195,12717.726949392787,71.13433660081378,"random_routes=0.576,related_routes=0.592,worst_routes=0.512","greedy=0.544,regret2=0.533"
40,alns,random_routes,regret2,False,1063451.9713281638,21,17,0,186162.1244996922,11420.94204181823,73.38751908596429,0,770360.7551713195,12717.726949392787,71.13433660081378,"random_routes=0.576,related_routes=0.592,worst_routes=0.512","greedy=0.544,regret2=0.533"
41,alns,related_routes,regret2,False,1052817.451614882,21,17,0,186162.1244996922,11420.94204181823,73.38751908596429,0,770360.7551713195,12717.726949392787,71.13433660081378,"random_routes=0.461,related_routes=0.474,worst_routes=0.410","greedy=0.435,regret2=0.427"
42,alns,random_routes,greedy,False,1042289.2770987332,21,17,0,186162.1244996922,11420.94204181823,73.38751908596429,0,770360.7551713195,12717.726949392787,71.13433660081378,"random_routes=0.461,related_routes=0.474,worst_routes=0.410","greedy=0.435,regret2=0.427"
43,alns,related_routes,regret2,False,1031866.3843277459,21,17,0,186162.1244996922,11420.94204181823,73.38751908596429,0,770360.7551713195,12717.726949392787,71.13433660081378,"random_routes=0.461,related_routes=0.474,worst_routes=0.410","greedy=0.435,regret2=0.427"
44,alns,random_routes,greedy,False,1021547.7204844684,21,17,0,186162.1244996922,11420.94204181823,73.38751908596429,0,770360.7551713195,12717.726949392787,71.13433660081378,"random_routes=0.461,related_routes=0.474,worst_routes=0.410","greedy=0.435,regret2=0.427"
45,alns,related_routes,regret2,False,1011332.2432796237,21,17,0,186162.1244996922,11420.94204181823,73.38751908596429,0,770360.7551713195,12717.726949392787,71.13433660081378,"random_routes=0.461,related_routes=0.474,worst_routes=0.410","greedy=0.435,regret2=0.427"
46,alns,random_routes,greedy,False,1001218.9208468274,21,17,0,186162.1244996922,11420.94204181823,73.38751908596429,0,770360.7551713195,12717.726949392787,71.13433660081378,"random_routes=0.461,related_routes=0.474,worst_routes=0.410","greedy=0.435,regret2=0.427"
47,alns,worst_routes,regret2,False,991206.7316383591,21,17,0,186162.1244996922,11420.94204181823,73.38751908596429,0,770360.7551713195,12717.726949392787,71.13433660081378,"random_routes=0.461,related_routes=0.474,worst_routes=0.410","greedy=0.435,regret2=0.427"
48,alns,worst_routes,greedy,False,981294.6643219755,21,17,0,186162.1244996922,11420.94204181823,73.38751908596429,0,770360.7551713195,12717.726949392787,71.13433660081378,"random_routes=0.461,related_routes=0.474,worst_routes=0.410","greedy=0.435,regret2=0.427"
49,alns,worst_routes,greedy,False,971481.7176787558,21,17,0,186162.1244996922,11420.94204181823,73.38751908596429,0,770360.7551713195,12717.726949392787,71.13433660081378,"random_routes=0.461,related_routes=0.474,worst_routes=0.410","greedy=0.435,regret2=0.427"
50,alns,random_routes,greedy,False,961766.9005019682,21,17,0,186162.1244996922,11420.94204181823,73.38751908596429,0,770360.7551713195,12717.726949392787,71.13433660081378,"random_routes=0.461,related_routes=0.474,worst_routes=0.410","greedy=0.435,regret2=0.427"
51,alns,related_routes,greedy,False,952149.2314969485,21,17,0,186162.1244996922,11420.94204181823,73.38751908596429,0,770360.7551713195,12717.726949392787,71.13433660081378,"random_routes=0.369,related_routes=0.379,worst_routes=0.328","greedy=0.348,regret2=0.341"
52,alns,random_routes,regret2,False,942627.739181979,21,17,0,186162.1244996922,11420.94204181823,73.38751908596429,0,770360.7551713195,12717.726949392787,71.13433660081378,"random_routes=0.369,related_routes=0.379,worst_routes=0.328","greedy=0.348,regret2=0.341"
53,alns,related_routes,greedy,False,933201.4617901592,21,17,0,186162.1244996922,11420.94204181823,73.38751908596429,0,770360.7551713195,12717.726949392787,71.13433660081378,"random_routes=0.369,related_routes=0.379,worst_routes=0.328","greedy=0.348,regret2=0.341"
54,alns,related_routes,regret2,False,923869.4471722576,21,17,0,186162.1244996922,11420.94204181823,73.38751908596429,0,770360.7551713195,12717.726949392787,71.13433660081378,"random_routes=0.369,related_routes=0.379,worst_routes=0.328","greedy=0.348,regret2=0.341"
55,alns,worst_routes,greedy,False,914630.752700535,21,17,0,186162.1244996922,11420.94204181823,73.38751908596429,0,770360.7551713195,12717.726949392787,71.13433660081378,"random_routes=0.369,related_routes=0.379,worst_routes=0.328","greedy=0.348,regret2=0.341"
56,alns,related_routes,greedy,False,905484.4451735297,21,17,0,186162.1244996922,11420.94204181823,73.38751908596429,0,770360.7551713195,12717.726949392787,71.13433660081378,"random_routes=0.369,related_routes=0.379,worst_routes=0.328","greedy=0.348,regret2=0.341"
57,alns,worst_routes,greedy,False,896429.6007217944,21,17,0,186162.1244996922,11420.94204181823,73.38751908596429,0,770360.7551713195,12717.726949392787,71.13433660081378,"random_routes=0.369,related_routes=0.379,worst_routes=0.328","greedy=0.348,regret2=0.341"
58,alns,random_routes,greedy,False,887465.3047145765,21,17,0,186162.1244996922,11420.94204181823,73.38751908596429,0,770360.7551713195,12717.726949392787,71.13433660081378,"random_routes=0.369,related_routes=0.379,worst_routes=0.328","greedy=0.348,regret2=0.341"
59,alns,related_routes,greedy,False,878590.6516674306,21,17,0,186162.1244996922,11420.94204181823,73.38751908596429,0,770360.7551713195,12717.726949392787,71.13433660081378,"random_routes=0.369,related_routes=0.379,worst_routes=0.328","greedy=0.348,regret2=0.341"
60,alns,random_routes,greedy,False,869804.7451507563,21,17,0,186162.1244996922,11420.94204181823,73.38751908596429,0,770360.7551713195,12717.726949392787,71.13433660081378,"random_routes=0.369,related_routes=0.379,worst_routes=0.328","greedy=0.348,regret2=0.341"
61,alns,worst_routes,regret2,False,861106.6976992488,21,17,0,186162.1244996922,11420.94204181823,73.38751908596429,0,770360.7551713195,12717.726949392787,71.13433660081378,"random_routes=0.295,related_routes=0.303,worst_routes=0.262","greedy=0.279,regret2=0.273"
62,alns,worst_routes,regret2,False,852495.6307222563,21,17,0,186162.1244996922,11420.94204181823,73.38751908596429,0,770360.7551713195,12717.726949392787,71.13433660081378,"random_routes=0.295,related_routes=0.303,worst_routes=0.262","greedy=0.279,regret2=0.273"
63,alns,random_routes,regret2,False,843970.6744150337,21,17,0,186162.1244996922,11420.94204181823,73.38751908596429,0,770360.7551713195,12717.726949392787,71.13433660081378,"random_routes=0.295,related_routes=0.303,worst_routes=0.262","greedy=0.279,regret2=0.273"
64,alns,related_routes,greedy,False,835530.9676708833,21,17,0,186162.1244996922,11420.94204181823,73.38751908596429,0,770360.7551713195,12717.726949392787,71.13433660081378,"random_routes=0.295,related_routes=0.303,worst_routes=0.262","greedy=0.279,regret2=0.273"
65,alns,random_routes,greedy,False,827175.6579941744,21,17,0,186162.1244996922,11420.94204181823,73.38751908596429,0,770360.7551713195,12717.726949392787,71.13433660081378,"random_routes=0.295,related_routes=0.303,worst_routes=0.262","greedy=0.279,regret2=0.273"
66,alns,related_routes,regret2,False,818903.9014142327,21,17,0,186162.1244996922,11420.94204181823,73.38751908596429,0,770360.7551713195,12717.726949392787,71.13433660081378,"random_routes=0.295,related_routes=0.303,worst_routes=0.262","greedy=0.279,regret2=0.273"
67,alns,random_routes,greedy,False,810714.8624000903,21,17,0,186162.1244996922,11420.94204181823,73.38751908596429,0,770360.7551713195,12717.726949392787,71.13433660081378,"random_routes=0.295,related_routes=0.303,worst_routes=0.262","greedy=0.279,regret2=0.273"
68,alns,random_routes,greedy,False,802607.7137760894,21,17,0,186162.1244996922,11420.94204181823,73.38751908596429,0,770360.7551713195,12717.726949392787,71.13433660081378,"random_routes=0.295,related_routes=0.303,worst_routes=0.262","greedy=0.279,regret2=0.273"
69,alns,worst_routes,regret2,False,794581.6366383284,21,17,0,186162.1244996922,11420.94204181823,73.38751908596429,0,770360.7551713195,12717.726949392787,71.13433660081378,"random_routes=0.295,related_routes=0.303,worst_routes=0.262","greedy=0.279,regret2=0.273"
70,alns,worst_routes,greedy,False,786635.8202719451,21,17,0,186162.1244996922,11420.94204181823,73.38751908596429,0,770360.7551713195,12717.726949392787,71.13433660081378,"random_routes=0.295,related_routes=0.303,worst_routes=0.262","greedy=0.279,regret2=0.273"
71,alns,random_routes,greedy,False,778769.4620692256,21,17,0,186162.1244996922,11420.94204181823,73.38751908596429,0,770360.7551713195,12717.726949392787,71.13433660081378,"random_routes=0.236,related_routes=0.242,worst_routes=0.210","greedy=0.223,regret2=0.218"
72,alns,worst_routes,greedy,False,770981.7674485333,21,17,0,186162.1244996922,11420.94204181823,73.38751908596429,0,770360.7551713195,12717.726949392787,71.13433660081378,"random_routes=0.236,related_routes=0.242,worst_routes=0.210","greedy=0.223,regret2=0.218"
73,alns,random_routes,regret2,False,763271.949774048,21,17,0,186162.1244996922,11420.94204181823,73.38751908596429,0,770360.7551713195,12717.726949392787,71.13433660081378,"random_routes=0.236,related_routes=0.242,worst_routes=0.210","greedy=0.223,regret2=0.218"
74,alns,random_routes,greedy,False,755639.2302763074,21,17,0,186162.1244996922,11420.94204181823,73.38751908596429,0,770360.7551713195,12717.726949392787,71.13433660081378,"random_routes=0.236,related_routes=0.242,worst_routes=0.210","greedy=0.223,regret2=0.218"
75,alns,related_routes,greedy,False,748082.8379735444,21,17,0,186162.1244996922,11420.94204181823,73.38751908596429,0,770360.7551713195,12717.726949392787,71.13433660081378,"random_routes=0.236,related_routes=0.242,worst_routes=0.210","greedy=0.223,regret2=0.218"
76,alns,related_routes,greedy,False,740602.0095938089,21,17,0,186162.1244996922,11420.94204181823,73.38751908596429,0,770360.7551713195,12717.726949392787,71.13433660081378,"random_routes=0.236,related_routes=0.242,worst_routes=0.210","greedy=0.223,regret2=0.218"
77,alns,random_routes,greedy,False,733195.9894978708,21,17,0,186162.1244996922,11420.94204181823,73.38751908596429,0,770360.7551713195,12717.726949392787,71.13433660081378,"random_routes=0.236,related_routes=0.242,worst_routes=0.210","greedy=0.223,regret2=0.218"
78,alns,worst_routes,regret2,False,725864.0296028921,21,17,0,186162.1244996922,11420.94204181823,73.38751908596429,0,770360.7551713195,12717.726949392787,71.13433660081378,"random_routes=0.236,related_routes=0.242,worst_routes=0.210","greedy=0.223,regret2=0.218"
79,alns,related_routes,greedy,False,718605.3893068632,21,17,0,186162.1244996922,11420.94204181823,73.38751908596429,0,770360.7551713195,12717.726949392787,71.13433660081378,"random_routes=0.236,related_routes=0.242,worst_routes=0.210","greedy=0.223,regret2=0.218"
80,alns,worst_routes,greedy,False,711419.3354137945,21,17,0,186162.1244996922,11420.94204181823,73.38751908596429,0,770360.7551713195,12717.726949392787,71.13433660081378,"random_routes=0.236,related_routes=0.242,worst_routes=0.210","greedy=0.223,regret2=0.218"
81,alns,random_routes,regret2,False,704305.1420596566,21,17,0,186162.1244996922,11420.94204181823,73.38751908596429,0,770360.7551713195,12717.726949392787,71.13433660081378,"random_routes=0.189,related_routes=0.194,worst_routes=0.168","greedy=0.178,regret2=0.175"
82,alns,random_routes,greedy,True,697262.09063906,21,16,0,186162.1244996922,11420.94204181823,73.38751908596429,0,899740.8822347645,13376.371696864764,71.1221103857909,"random_routes=0.189,related_routes=0.194,worst_routes=0.168","greedy=0.178,regret2=0.175"
83,alns,related_routes,greedy,False,690289.4697326694,21,16,0,186162.1244996922,11420.94204181823,73.38751908596429,0,899740.8822347645,13376.371696864764,71.1221103857909,"random_routes=0.189,related_routes=0.194,worst_routes=0.168","greedy=0.178,regret2=0.175"
84,alns,related_routes,regret2,False,683386.5750353427,21,16,0,186162.1244996922,11420.94204181823,73.38751908596429,0,899740.8822347645,13376.371696864764,71.1221103857909,"random_routes=0.189,related_routes=0.194,worst_routes=0.168","greedy=0.178,regret2=0.175"
85,alns,random_routes,regret2,False,676552.7092849893,21,16,0,186162.1244996922,11420.94204181823,73.38751908596429,0,899740.8822347645,13376.371696864764,71.1221103857909,"random_routes=0.189,related_routes=0.194,worst_routes=0.168","greedy=0.178,regret2=0.175"
86,alns,random_routes,regret2,False,669787.1821921393,21,16,0,186162.1244996922,11420.94204181823,73.38751908596429,0,899740.8822347645,13376.371696864764,71.1221103857909,"random_routes=0.189,related_routes=0.194,worst_routes=0.168","greedy=0.178,regret2=0.175"
87,alns,random_routes,greedy,False,663089.3103702179,21,16,0,186162.1244996922,11420.94204181823,73.38751908596429,0,899740.8822347645,13376.371696864764,71.1221103857909,"random_routes=0.189,related_routes=0.194,worst_routes=0.168","greedy=0.178,regret2=0.175"
88,alns,worst_routes,regret2,False,656458.4172665157,21,16,0,186162.1244996922,11420.94204181823,73.38751908596429,0,899740.8822347645,13376.371696864764,71.1221103857909,"random_routes=0.189,related_routes=0.194,worst_routes=0.168","greedy=0.178,regret2=0.175"
89,alns,related_routes,regret2,False,649893.8330938505,21,16,0,186162.1244996922,11420.94204181823,73.38751908596429,0,899740.8822347645,13376.371696864764,71.1221103857909,"random_routes=0.189,related_routes=0.194,worst_routes=0.168","greedy=0.178,regret2=0.175"
90,alns,random_routes,regret2,False,643394.8947629121,21,16,0,186162.1244996922,11420.94204181823,73.38751908596429,0,899740.8822347645,13376.371696864764,71.1221103857909,"random_routes=0.189,related_routes=0.194,worst_routes=0.168","greedy=0.178,regret2=0.175"
91,alns,related_routes,regret2,False,636960.945815283,21,16,0,186162.1244996922,11420.94204181823,73.38751908596429,0,899740.8822347645,13376.371696864764,71.1221103857909,"random_routes=0.191,related_routes=0.155,worst_routes=0.134","greedy=0.209,regret2=0.140"
92,alns,worst_routes,regret2,False,630591.3363571302,21,16,0,186162.1244996922,11420.94204181823,73.38751908596429,0,899740.8822347645,13376.371696864764,71.1221103857909,"random_routes=0.191,related_routes=0.155,worst_routes=0.134","greedy=0.209,regret2=0.140"
93,alns,related_routes,regret2,False,624285.4229935589,21,16,0,186162.1244996922,11420.94204181823,73.38751908596429,0,899740.8822347645,13376.371696864764,71.1221103857909,"random_routes=0.191,related_routes=0.155,worst_routes=0.134","greedy=0.209,regret2=0.140"
94,alns,worst_routes,regret2,False,618042.5687636234,21,16,0,186162.1244996922,11420.94204181823,73.38751908596429,0,899740.8822347645,13376.371696864764,71.1221103857909,"random_routes=0.191,related_routes=0.155,worst_routes=0.134","greedy=0.209,regret2=0.140"
95,alns,random_routes,greedy,False,611862.1430759871,21,16,0,186162.1244996922,11420.94204181823,73.38751908596429,0,899740.8822347645,13376.371696864764,71.1221103857909,"random_routes=0.191,related_routes=0.155,worst_routes=0.134","greedy=0.209,regret2=0.140"
96,alns,related_routes,greedy,False,605743.5216452272,21,16,0,186162.1244996922,11420.94204181823,73.38751908596429,0,899740.8822347645,13376.371696864764,71.1221103857909,"random_routes=0.191,related_routes=0.155,worst_routes=0.134","greedy=0.209,regret2=0.140"
97,alns,worst_routes,greedy,False,599686.086428775,21,16,0,186162.1244996922,11420.94204181823,73.38751908596429,0,899740.8822347645,13376.371696864764,71.1221103857909,"random_routes=0.191,related_routes=0.155,worst_routes=0.134","greedy=0.209,regret2=0.140"
98,alns,random_routes,regret2,False,593689.2255644873,21,16,0,186162.1244996922,11420.94204181823,73.38751908596429,0,899740.8822347645,13376.371696864764,71.1221103857909,"random_routes=0.191,related_routes=0.155,worst_routes=0.134","greedy=0.209,regret2=0.140"
99,alns,worst_routes,greedy,False,587752.3333088424,21,16,0,186162.1244996922,11420.94204181823,73.38751908596429,0,899740.8822347645,13376.371696864764,71.1221103857909,"random_routes=0.191,related_routes=0.155,worst_routes=0.134","greedy=0.209,regret2=0.140"
100,alns,random_routes,regret2,False,581874.809975754,21,16,0,186162.1244996922,11420.94204181823,73.38751908596429,0,899740.8822347645,13376.371696864764,71.1221103857909,"random_routes=0.191,related_routes=0.155,worst_routes=0.134","greedy=0.209,regret2=0.140"
101,alns,worst_routes,regret2,False,576056.0618759964,21,16,0,186162.1244996922,11420.94204181823,73.38751908596429,0,899740.8822347645,13376.371696864764,71.1221103857909,"random_routes=0.153,related_routes=0.124,worst_routes=0.107","greedy=0.167,regret2=0.112"
102,alns,worst_routes,greedy,False,570295.5012572365,21,16,0,186162.1244996922,11420.94204181823,73.38751908596429,0,899740.8822347645,13376.371696864764,71.1221103857909,"random_routes=0.153,related_routes=0.124,worst_routes=0.107","greedy=0.167,regret2=0.112"
103,alns,random_routes,regret2,False,564592.5462446641,21,16,0,186162.1244996922,11420.94204181823,73.38751908596429,0,899740.8822347645,13376.371696864764,71.1221103857909,"random_routes=0.153,related_routes=0.124,worst_routes=0.107","greedy=0.167,regret2=0.112"
104,alns,random_routes,greedy,False,558946.6207822175,21,16,0,186162.1244996922,11420.94204181823,73.38751908596429,0,899740.8822347645,13376.371696864764,71.1221103857909,"random_routes=0.153,related_routes=0.124,worst_routes=0.107","greedy=0.167,regret2=0.112"
105,alns,related_routes,greedy,True,553357.1545743953,21,16,0,186162.1244996922,11420.94204181823,73.38751908596429,0,869639.496346074,13893.809991754706,75.16927717404283,"random_routes=0.153,related_routes=0.124,worst_routes=0.107","greedy=0.167,regret2=0.112"
106,alns,worst_routes,greedy,False,547823.5830286513,21,16,0,186162.1244996922,11420.94204181823,73.38751908596429,0,869639.496346074,13893.809991754706,75.16927717404283,"random_routes=0.153,related_routes=0.124,worst_routes=0.107","greedy=0.167,regret2=0.112"
107,alns,worst_routes,greedy,False,542345.3471983648,21,16,0,186162.1244996922,11420.94204181823,73.38751908596429,0,869639.496346074,13893.809991754706,75.16927717404283,"random_routes=0.153,related_routes=0.124,worst_routes=0.107","greedy=0.167,regret2=0.112"
108,alns,worst_routes,greedy,False,536921.8937263811,21,16,0,186162.1244996922,11420.94204181823,73.38751908596429,0,869639.496346074,13893.809991754706,75.16927717404283,"random_routes=0.153,related_routes=0.124,worst_routes=0.107","greedy=0.167,regret2=0.112"
109,alns,worst_routes,regret2,False,531552.6747891173,21,16,0,186162.1244996922,11420.94204181823,73.38751908596429,0,869639.496346074,13893.809991754706,75.16927717404283,"random_routes=0.153,related_routes=0.124,worst_routes=0.107","greedy=0.167,regret2=0.112"
110,alns,worst_routes,greedy,False,526237.1480412261,21,16,0,186162.1244996922,11420.94204181823,73.38751908596429,0,869639.496346074,13893.809991754706,75.16927717404283,"random_routes=0.153,related_routes=0.124,worst_routes=0.107","greedy=0.167,regret2=0.112"
111,alns,random_routes,greedy,False,520974.7765608138,21,16,0,186162.1244996922,11420.94204181823,73.38751908596429,0,869639.496346074,13893.809991754706,75.16927717404283,"random_routes=0.122,related_routes=0.699,worst_routes=0.100","greedy=0.209,regret2=0.100"
112,alns,worst_routes,regret2,False,515765.0287952057,21,16,0,186162.1244996922,11420.94204181823,73.38751908596429,0,869639.496346074,13893.809991754706,75.16927717404283,"random_routes=0.122,related_routes=0.699,worst_routes=0.100","greedy=0.209,regret2=0.100"
113,alns,related_routes,greedy,False,510607.37850725366,21,16,0,186162.1244996922,11420.94204181823,73.38751908596429,0,869639.496346074,13893.809991754706,75.16927717404283,"random_routes=0.122,related_routes=0.699,worst_routes=0.100","greedy=0.209,regret2=0.100"
114,alns,worst_routes,regret2,False,505501.3047221811,21,16,0,186162.1244996922,11420.94204181823,73.38751908596429,0,869639.496346074,13893.809991754706,75.16927717404283,"random_routes=0.122,related_routes=0.699,worst_routes=0.100","greedy=0.209,regret2=0.100"
115,alns,related_routes,greedy,False,500446.2916749593,21,16,0,186162.1244996922,11420.94204181823,73.38751908596429,0,869639.496346074,13893.809991754706,75.16927717404283,"random_routes=0.122,related_routes=0.699,worst_routes=0.100","greedy=0.209,regret2=0.100"
116,alns,related_routes,regret2,False,495441.8287582097,21,16,0,186162.1244996922,11420.94204181823,73.38751908596429,0,869639.496346074,13893.809991754706,75.16927717404283,"random_routes=0.122,related_routes=0.699,worst_routes=0.100","greedy=0.209,regret2=0.100"
117,alns,random_routes,greedy,False,490487.4104706276,21,16,0,186162.1244996922,11420.94204181823,73.38751908596429,0,869639.496346074,13893.809991754706,75.16927717404283,"random_routes=0.122,related_routes=0.699,worst_routes=0.100","greedy=0.209,regret2=0.100"
118,alns,related_routes,regret2,False,485582.5363659213,21,16,0,186162.1244996922,11420.94204181823,73.38751908596429,0,869639.496346074,13893.809991754706,75.16927717404283,"random_routes=0.122,related_routes=0.699,worst_routes=0.100","greedy=0.209,regret2=0.100"
119,alns,related_routes,greedy,False,480726.7110022621,21,16,0,186162.1244996922,11420.94204181823,73.38751908596429,0,869639.496346074,13893.809991754706,75.16927717404283,"random_routes=0.122,related_routes=0.699,worst_routes=0.100","greedy=0.209,regret2=0.100"
120,alns,random_routes,greedy,False,475919.4438922395,21,16,0,186162.1244996922,11420.94204181823,73.38751908596429,0,869639.496346074,13893.809991754706,75.16927717404283,"random_routes=0.122,related_routes=0.699,worst_routes=0.100","greedy=0.209,regret2=0.100"
121,alns,random_routes,greedy,False,471160.2494533171,21,16,0,186162.1244996922,11420.94204181823,73.38751908596429,0,869639.496346074,13893.809991754706,75.16927717404283,"random_routes=0.100,related_routes=0.559,worst_routes=0.100","greedy=0.167,regret2=0.100"
